Source,eType,Target,Time,Weight,SourceLocation,TargetLocation,SourceLatitude,SourceLongitude,TargetLatitude,TargetLongitude
616050,4,590502,-662041253,0.166667,,,,,,
599956,0,635665,1296000,1,,,,,,
599956,0,490041,1306507,1,,,,,,
599956,0,490041,1312679,1,,,,,,
490041,0,599956,1314435,1,,,,,,
490041,0,599956,1331859,1,,,,,,
490041,0,635665,1350583,1,,,,,,
599956,0,635665,1368949,1,,,,,,
490041,0,599956,1390083,1,,,,,,
490041,1,589639,1417381,1,0,0,34.5741,-42.0541,30.4483,-42.5341
599956,1,635665,1423376,1,0,0,34.2958,-39.026,29.3296,-37.8076
599956,0,589639,1437564,1,,,,,,
599956,1,589639,1465986,1,0,0,34.2958,-39.026,30.4483,-42.5341
490041,1,635665,1523000,1,0,0,34.5741,-42.0541,29.3296,-37.8076
599956,1,589639,1536819,1,0,0,34.2958,-39.026,30.4483,-42.5341
599956,1,589639,1540919,1,0,0,34.2958,-39.026,30.4483,-42.5341
599956,0,589639,1565941,1,,,,,,
490041,1,589639,1568399,1,0,0,34.5741,-42.0541,30.4483,-42.5341
599956,0,635665,1576780,1,,,,,,
490041,0,589639,1598371,1,,,,,,
490041,0,635665,1617847,1,,,,,,
599956,0,490041,1631939,1,,,,,,
599956,0,635665,1662551,1,,,,,,
490041,0,635665,1663236,1,,,,,,
599956,0,589639,1674446,1,,,,,,
599956,0,635665,1689032,1,,,,,,
599956,0,589639,1692550,1,,,,,,
599956,0,635665,1693300,1,,,,,,
490041,1,589639,1694726,1,0,0,34.5741,-42.0541,30.4483,-42.5341
490041,1,589639,1734364,1,0,0,34.5741,-42.0541,30.4483,-42.5341
490041,1,635665,1743198,1,0,0,34.5741,-42.0541,29.3296,-37.8076
490041,1,599956,1768587,1,0,0,34.5741,-42.0541,34.2958,-39.026
490041,0,599956,1773043,1,,,,,,
599956,1,490041,1789643,1,0,0,34.2958,-39.026,34.5741,-42.0541
490041,0,589639,1812906,1,,,,,,
490041,0,599956,1815837,1,,,,,,
599956,1,490041,1821622,1,0,0,34.2958,-39.026,34.5741,-42.0541
490041,0,589639,1830106,1,,,,,,
599956,1,589639,1832626,1,0,0,34.2958,-39.026,30.4483,-42.5341
490041,1,635665,1844976,1,0,0,34.5741,-42.0541,29.3296,-37.8076
599956,0,635665,1847895,1,,,,,,
490041,0,599956,1869418,1,,,,,,
490041,1,589639,1870295,1,0,0,34.5741,-42.0541,30.4483,-42.5341
533140,0,591682,2300427,1,,,,,,
568093,0,616050,2720925,1,,,,,,
632150,1,635665,2806344,1,2,0,-27.2563,91.7676,29.3296,-37.8076
635665,1,568093,3314951,1,0,0,29.3296,-37.8076,28.3004,-47.4036
616050,1,632150,3487438,1,2,2,-20.9062,92.3982,-27.2563,91.7676
632150,1,568093,3796266,1,2,0,-27.2563,91.7676,28.3004,-47.4036
568093,0,632150,3838156,1,,,,,,
533140,0,464459,4130014,1,,,,,,
533140,0,616050,4201266,1,,,,,,
533140,0,616050,4333271,1,,,,,,
568093,0,533140,4812138,1,,,,,,
635665,0,512397,5288962,1,,,,,,
632150,1,635665,5599120,1,2,0,-27.2563,91.7676,29.3296,-37.8076
635665,0,550287,5626655,1,,,,,,
512397,0,635665,5717144,1,,,,,,
635665,0,559657,5739273,1,,,,,,
635665,0,616050,5895251,1,,,,,,
512397,0,635665,6064497,1,,,,,,
533140,1,591682,6064987,1,2,2,-21.8004,89.7045,-22.6503,92.6106
635665,0,550287,6147265,1,,,,,,
635665,0,512397,6186726,1,,,,,,
533140,0,591682,6360806,1,,,,,,
568093,0,464459,6508928,1,,,,,,
635665,0,512397,6571211,1,,,,,,
635665,1,533140,6713226,1,0,2,29.3296,-37.8076,-21.8004,89.7045
635665,0,559657,6714914,1,,,,,,
616050,1,533140,6731066,1,2,2,-20.9062,92.3982,-21.8004,89.7045
533140,1,616050,6977386,1,2,2,-21.8004,89.7045,-20.9062,92.3982
568093,0,632150,7035286,1,,,,,,
635665,0,559657,7083468,1,,,,,,
635665,0,559657,7094212,1,,,,,,
512397,0,635665,7168878,1,,,,,,
632150,1,464459,7485417,1,2,0,-27.2563,91.7676,25.0754,-40.6293
635665,0,559657,7491939,1,,,,,,
616050,1,533140,7527116,1,2,2,-20.9062,92.3982,-21.8004,89.7045
635665,0,512397,7575721,1,,,,,,
533140,0,464459,7649729,1,,,,,,
533140,0,464459,7848257,1,,,,,,
635665,0,512397,8102731,1,,,,,,
635665,1,533140,8239192,1,0,2,29.3296,-37.8076,-21.8004,89.7045
512397,0,635665,8272124,1,,,,,,
623295,0,635665,8290018,1,,,,,,
599956,1,492777,8304372,1,0,3,34.2958,-39.026,-24.5657,-110.65
599956,0,570411,8356067,1,,,,,,
589639,0,635665,8358490,1,,,,,,
550287,0,512397,8408133,1,,,,,,
550361,0,490041,8444702,1,,,,,,
599956,0,493044,8465663,1,,,,,,
599956,0,635665,8677838,1,,,,,,
550287,0,512397,8684963,1,,,,,,
599956,1,492777,8709595,1,0,3,34.2958,-39.026,-24.5657,-110.65
599956,1,492777,8718680,1,0,3,34.2958,-39.026,-24.5657,-110.65
596193,0,635665,8728337,1,,,,,,
550361,0,596193,8745034,1,,,,,,
596193,0,492777,8756900,1,,,,,,
599956,1,493044,8761720,1,0,2,34.2958,-39.026,-20.8686,89.4217
490041,0,599956,8771959,1,,,,,,
550361,0,589639,8789089,1,,,,,,
512397,0,550287,8811852,1,,,,,,
599956,1,635665,8847370,1,0,0,34.2958,-39.026,29.3296,-37.8076
550287,0,512397,8890301,1,,,,,,
623295,0,550361,8894109,1,,,,,,
599956,0,640464,8904016,1,,,,,,
599956,1,490041,8938744,1,0,0,34.2958,-39.026,34.5741,-42.0541
568093,0,632150,8962019,1,,,,,,
599956,1,493044,8985798,1,0,2,34.2958,-39.026,-20.8686,89.4217
599956,0,570411,8994500,1,,,,,,
599956,1,589639,8997941,1,0,0,34.2958,-39.026,30.4483,-42.5341
596193,0,492777,9012009,1,,,,,,
568093,0,616050,9076579,1,,,,,,
623295,0,635665,9094353,1,,,,,,
490041,1,550361,9100993,1,0,2,34.5741,-42.0541,-18.3758,91.025
599956,1,570411,9102661,1,0,0,34.2958,-39.026,32.6654,-48.6701
616050,1,464459,9118391,1,2,0,-20.9062,92.3982,25.0754,-40.6293
623295,0,589639,9145435,1,,,,,,
589639,0,550361,9150468,1,,,,,,
568093,0,635665,9161797,1,,,,,,
623295,0,596193,9162596,1,,,,,,
599956,0,640464,9189819,1,,,,,,
490041,1,623295,9269917,1,0,3,34.5741,-42.0541,-25.4639,-111.249
599956,1,596193,9312133,1,0,2,34.2958,-39.026,-17.1099,90.7971
599956,0,490041,9328701,1,,,,,,
623295,0,550361,9335884,1,,,,,,
623295,0,570411,9341506,1,,,,,,
599956,0,623295,9369606,1,,,,,,
623295,0,640464,9392429,1,,,,,,
596193,0,640464,9409103,1,,,,,,
599956,1,589639,9523757,1,0,0,34.2958,-39.026,30.4483,-42.5341
623295,0,570411,9533579,1,,,,,,
635665,1,616050,9566701,1,0,2,29.3296,-37.8076,-20.9062,92.3982
599956,0,550361,9594811,1,,,,,,
599956,1,589639,9631198,1,0,0,34.2958,-39.026,30.4483,-42.5341
599956,0,490041,9634710,1,,,,,,
599956,0,570411,9645937,1,,,,,,
568093,0,632150,9743545,1,,,,,,
623295,0,490041,9810911,1,,,,,,
632150,1,533140,9824045,1,2,2,-27.2563,91.7676,-21.8004,89.7045
589639,0,490041,9843778,1,,,,,,
599956,1,635665,9880536,1,0,0,34.2958,-39.026,29.3296,-37.8076
616050,1,635665,9885133,1,2,0,-20.9062,92.3982,29.3296,-37.8076
589639,0,490041,9889908,1,,,,,,
550361,0,493044,9893984,1,,,,,,
464459,1,632150,9913520,1,0,2,25.0754,-40.6293,-27.2563,91.7676
490041,1,640464,9947058,1,0,0,34.5741,-42.0541,35.8806,-34.5372
599956,1,623295,9994548,1,0,3,34.2958,-39.026,-25.4639,-111.249
599956,1,490041,10008400,1,0,0,34.2958,-39.026,34.5741,-42.0541
623295,0,570411,10018468,1,,,,,,
550361,0,599956,10112171,1,,,,,,
490041,0,493044,10125697,1,,,,,,
596193,0,493044,10196465,1,,,,,,
550361,0,623295,10204276,1,,,,,,
635665,1,632150,10206980,1,0,2,29.3296,-37.8076,-27.2563,91.7676
490041,0,492777,10222243,1,,,,,,
550287,2,657187,10250285,170,,,,,,
512397,3,657187,10250285,170,,,,,,
599956,0,635665,10372830,1,,,,,,
550361,0,640464,10380701,1,,,,,,
490041,0,493044,10392303,1,,,,,,
512397,0,550287,10409865,1,,,,,,
632150,1,464459,10415195,1,2,0,-27.2563,91.7676,25.0754,-40.6293
632150,1,591682,10427425,1,2,2,-27.2563,91.7676,-22.6503,92.6106
599956,1,550361,10446305,1,0,2,34.2958,-39.026,-18.3758,91.025
616050,1,533140,10498974,1,2,2,-20.9062,92.3982,-21.8004,89.7045
623295,0,550361,10526722,1,,,,,,
599956,1,589639,10537005,1,0,0,34.2958,-39.026,30.4483,-42.5341
599956,0,550361,10558740,1,,,,,,
550361,0,490041,10576646,1,,,,,,
623295,0,490041,10593205,1,,,,,,
599956,1,492777,10596463,1,0,3,34.2958,-39.026,-24.5657,-110.65
623295,0,599956,10604700,1,,,,,,
490041,0,599956,10644256,1,,,,,,
616050,1,533140,10924087,1,2,2,-20.9062,92.3982,-21.8004,89.7045
632150,1,533140,11000457,1,2,2,-27.2563,91.7676,-21.8004,89.7045
632150,1,464459,11103646,1,2,0,-27.2563,91.7676,25.0754,-40.6293
568093,0,591682,11438695,1,,,,,,
533140,0,616050,11450444,1,,,,,,
533140,0,591682,11481454,1,,,,,,
550287,2,657187,12459732,314,,,,,,
512397,3,657187,12459732,314,,,,,,
512397,0,550287,12670289,1,,,,,,
512397,0,550287,14384733,1,,,,,,
550287,2,657187,14490022,445,,,,,,
512397,3,657187,14490022,445,,,,,,
629627,6,625756,14845147,4,4,3,1,-165,-25,-111
629627,6,657173,14931547,2,3,1,-25,-111,-29,-13
599441,6,657173,15277147,5,3,1,-25,-111,-29,-13
534034,6,657173,15536347,3,3,1,-25,-111,-29,-13
512397,0,550287,15835592,1,,,,,,
534034,6,625756,16141147,4,4,3,1,-165,-25,-111
550287,2,657187,16267662,792,,,,,,
512397,3,657187,16267662,792,,,,,,
599441,6,625756,16486747,4,4,3,1,-165,-25,-111
585212,6,657173,16486747,5,3,1,-25,-111,-29,-13
550287,2,657187,16758558,331,,,,,,
512397,3,657187,16758558,331,,,,,,
585212,6,625756,16832347,5,4,3,1,-165,-25,-111
550287,2,657187,17614335,430,,,,,,
512397,3,657187,17614335,430,,,,,,
550287,2,657187,17671007,122,,,,,,
512397,3,657187,17671007,122,,,,,,
512397,0,550287,18060533,1,,,,,,
599441,6,509607,18214747,4,2,4,-22,91,1,-165
585212,6,509607,18214747,3,2,4,-22,91,1,-165
534034,6,499467,18473947,5,1,2,-29,-13,-22,91
629627,6,499467,18646747,2,1,2,-29,-13,-22,91
585212,6,499467,18733147,5,1,2,-29,-13,-22,91
599441,6,499467,18819547,2,1,2,-29,-13,-22,91
623295,1,635665,19868924,1,3,0,-25.4639,-111.249,29.3296,-37.8076
623295,0,492777,20018733,1,,,,,,
538892,6,509607,20115547,1,2,4,-22,91,1,-165
623295,1,635665,20146856,1,3,0,-25.4639,-111.249,29.3296,-37.8076
635665,0,492777,20183932,1,,,,,,
512397,0,550287,20234879,1,,,,,,
635665,0,623295,20366682,1,,,,,,
623295,0,492777,20483073,1,,,,,,
623295,1,492777,20485040,1,3,3,-25.4639,-111.249,-24.5657,-110.65
542965,6,509607,20547547,5,2,4,-22,91,1,-165
635665,0,492777,20613879,1,,,,,,
635665,0,492777,20732418,1,,,,,,
492777,1,550361,20822639,1,3,2,-24.5657,-110.65,-18.3758,91.025
492777,1,623295,20830992,1,3,3,-24.5657,-110.65,-25.4639,-111.249
635665,0,623295,20852050,1,,,,,,
492777,0,550361,20854058,1,,,,,,
492777,1,596193,20867167,1,3,2,-24.5657,-110.65,-17.1099,90.7971
550361,1,596193,20873117,1,2,2,-18.3758,91.025,-17.1099,90.7971
635665,1,493044,20882094,1,0,2,29.3296,-37.8076,-20.8686,89.4217
635665,1,493044,20887397,1,0,2,29.3296,-37.8076,-20.8686,89.4217
492777,1,493044,20909333,1,3,2,-24.5657,-110.65,-20.8686,89.4217
596193,0,623295,20921454,1,,,,,,
492777,0,635665,20922688,1,,,,,,
492777,1,623295,20926366,1,3,3,-24.5657,-110.65,-25.4639,-111.249
550361,1,623295,20940987,1,2,3,-18.3758,91.025,-25.4639,-111.249
623295,1,635665,20947689,1,3,0,-25.4639,-111.249,29.3296,-37.8076
464459,6,625756,20979547,1,0,3,33,-41,-25,-111
492777,0,596193,21050086,1,,,,,,
623295,0,492777,21056607,1,,,,,,
492777,0,550361,21081687,1,,,,,,
596193,0,493044,21085655,1,,,,,,
596193,0,550361,21088442,1,,,,,,
492777,1,635665,21090250,1,3,0,-24.5657,-110.65,29.3296,-37.8076
550361,1,493044,21090682,1,2,2,-18.3758,91.025,-20.8686,89.4217
635665,0,492777,21113875,1,,,,,,
550361,0,623295,21122153,1,,,,,,
623295,1,493044,21126949,1,3,2,-25.4639,-111.249,-20.8686,89.4217
568093,6,625756,21152347,2,0,3,33,-41,-25,-111
572391,6,509607,21152347,2,2,4,-22,91,1,-165
596193,0,623295,21183011,1,,,,,,
623295,1,492777,21272058,1,3,3,-25.4639,-111.249,-24.5657,-110.65
635665,0,492777,21286766,1,,,,,,
596193,0,635665,21288232,1,,,,,,
635665,1,596193,21299339,1,0,2,29.3296,-37.8076,-17.1099,90.7971
492777,1,623295,21365640,1,3,3,-24.5657,-110.65,-25.4639,-111.249
492777,1,635665,21392909,1,3,0,-24.5657,-110.65,29.3296,-37.8076
635665,6,499467,21411547,1,3,2,-25,-111,-22,91
623295,1,635665,21444482,1,3,0,-25.4639,-111.249,29.3296,-37.8076
635665,1,550361,21445593,1,0,2,29.3296,-37.8076,-18.3758,91.025
623295,1,635665,21520284,1,3,0,-25.4639,-111.249,29.3296,-37.8076
492777,0,596193,21539087,1,,,,,,
492777,0,623295,21560515,1,,,,,,
550361,0,635665,21593417,1,,,,,,
623295,1,550361,21636072,1,3,2,-25.4639,-111.249,-18.3758,91.025
596193,0,493044,21696581,1,,,,,,
550361,1,493044,21701200,1,2,2,-18.3758,91.025,-20.8686,89.4217
623295,0,635665,21758270,1,,,,,,
596193,0,492777,21780678,1,,,,,,
623295,1,492777,21808987,1,3,3,-25.4639,-111.249,-24.5657,-110.65
635665,0,492777,21821195,1,,,,,,
623295,1,635665,21835883,1,3,0,-25.4639,-111.249,29.3296,-37.8076
635665,6,625756,21843547,1,0,3,33,-41,-25,-111
635665,1,492777,21851592,1,0,3,29.3296,-37.8076,-24.5657,-110.65
464459,6,499467,21929947,2,3,2,-25,-111,-22,91
492777,1,623295,21975781,1,3,3,-24.5657,-110.65,-25.4639,-111.249
635665,0,623295,22012691,1,,,,,,
635665,0,492777,22063595,1,,,,,,
492777,0,493044,22129997,1,,,,,,
635665,1,623295,22144205,1,0,3,29.3296,-37.8076,-25.4639,-111.249
492777,1,623295,22169055,1,3,3,-24.5657,-110.65,-25.4639,-111.249
596193,0,550361,22254898,1,,,,,,
550361,0,596193,22308110,1,,,,,,
492777,0,623295,22352087,1,,,,,,
492777,0,493044,22371021,1,,,,,,
635665,1,492777,22373265,1,0,3,29.3296,-37.8076,-24.5657,-110.65
596193,0,550361,22389005,1,,,,,,
492777,0,635665,22416097,1,,,,,,
596193,0,635665,22416771,1,,,,,,
492777,0,623295,22435117,1,,,,,,
492777,1,635665,22446486,1,3,0,-24.5657,-110.65,29.3296,-37.8076
492777,1,623295,22452022,1,3,3,-24.5657,-110.65,-25.4639,-111.249
623295,1,635665,22455314,1,3,0,-25.4639,-111.249,29.3296,-37.8076
550361,0,635665,22528909,1,,,,,,
492777,0,550361,22555734,1,,,,,,
635665,0,492777,22563050,1,,,,,,
492777,1,493044,22584294,1,3,2,-24.5657,-110.65,-20.8686,89.4217
550361,1,493044,22612462,1,2,2,-18.3758,91.025,-20.8686,89.4217
568093,6,499467,22621147,2,3,2,-25,-111,-22,91
596193,0,635665,22636021,1,,,,,,
635665,1,596193,22728254,1,0,2,29.3296,-37.8076,-17.1099,90.7971
492777,1,635665,22755659,1,3,0,-24.5657,-110.65,29.3296,-37.8076
635665,1,493044,22783893,1,0,2,29.3296,-37.8076,-20.8686,89.4217
492777,0,493044,22784884,1,,,,,,
596193,0,623295,22787809,1,,,,,,
492777,1,493044,22855338,1,3,2,-24.5657,-110.65,-20.8686,89.4217
492777,0,635665,22990665,1,,,,,,
492777,0,623295,22991986,1,,,,,,
492777,0,596193,22996941,1,,,,,,
492777,0,635665,23024759,1,,,,,,
635665,1,550361,23043220,1,0,2,29.3296,-37.8076,-18.3758,91.025
635665,1,493044,23047530,1,0,2,29.3296,-37.8076,-20.8686,89.4217
492777,1,635665,23129203,1,3,0,-24.5657,-110.65,29.3296,-37.8076
492777,1,635665,23130930,1,3,0,-24.5657,-110.65,29.3296,-37.8076
635665,1,596193,23132563,1,0,2,29.3296,-37.8076,-17.1099,90.7971
492777,0,493044,23145652,1,,,,,,
596193,0,623295,23173103,1,,,,,,
589639,1,635665,23996653,1,0,0,30.4483,-42.5341,29.3296,-37.8076
599956,1,490041,23997357,1,0,0,34.2958,-39.026,34.5741,-42.0541
490041,0,635665,24003753,1,,,,,,
589639,1,490041,24010946,1,0,0,30.4483,-42.5341,34.5741,-42.0541
490041,0,589639,24011786,1,,,,,,
635665,0,599956,24012811,1,,,,,,
635665,0,599956,24013644,1,,,,,,
599956,1,490041,24015494,1,0,0,34.2958,-39.026,34.5741,-42.0541
599956,1,490041,24021301,1,0,0,34.2958,-39.026,34.5741,-42.0541
589639,1,599956,24023186,1,0,0,30.4483,-42.5341,34.2958,-39.026
635665,0,599956,24023510,1,,,,,,
635665,0,589639,24028546,1,,,,,,
490041,0,589639,24030596,1,,,,,,
635665,0,599956,24032432,1,,,,,,
635665,0,589639,24035137,1,,,,,,
599956,1,589639,24040547,1,0,0,34.2958,-39.026,30.4483,-42.5341
490041,0,589639,24043702,1,,,,,,
599956,1,490041,24050350,1,0,0,34.2958,-39.026,34.5741,-42.0541
490041,0,635665,24051853,1,,,,,,
599956,1,490041,24068779,1,0,0,34.2958,-39.026,34.5741,-42.0541
635665,1,570411,24123324,1,0,0,29.3296,-37.8076,32.6654,-48.6701
570411,0,640464,24185807,1,,,,,,
570411,0,640464,24293825,1,,,,,,
570411,0,640464,24324913,1,,,,,,
640464,1,635665,24461997,1,0,0,35.8806,-34.5372,29.3296,-37.8076
570411,0,635665,24470579,1,,,,,,
635665,1,640464,24503371,1,0,0,29.3296,-37.8076,35.8806,-34.5372
635665,1,640464,24583501,1,0,0,29.3296,-37.8076,35.8806,-34.5372
568093,6,561157,24608347,2,2,0,-22,91,33,-41
635665,6,561157,24608347,1,2,0,-22,91,33,-41
640464,1,570411,24659635,1,0,0,35.8806,-34.5372,32.6654,-48.6701
640464,1,570411,24685141,1,0,0,35.8806,-34.5372,32.6654,-48.6701
635665,1,640464,24703970,1,0,0,29.3296,-37.8076,35.8806,-34.5372
640464,1,635665,24726314,1,0,0,35.8806,-34.5372,29.3296,-37.8076
640464,1,570411,24787278,1,0,0,35.8806,-34.5372,32.6654,-48.6701
640464,1,635665,24880980,1,0,0,35.8806,-34.5372,29.3296,-37.8076
640464,1,570411,24900262,1,0,0,35.8806,-34.5372,32.6654,-48.6701
635665,1,570411,24914745,1,0,0,29.3296,-37.8076,32.6654,-48.6701
464459,6,561157,24953947,1,2,0,-22,91,33,-41
640464,1,635665,25023225,1,0,0,35.8806,-34.5372,29.3296,-37.8076
570411,0,635665,25084575,1,,,,,,
640464,1,570411,25114159,1,0,0,35.8806,-34.5372,32.6654,-48.6701
635665,1,570411,25132002,1,0,0,29.3296,-37.8076,32.6654,-48.6701
649553,6,509607,26595547,4,5,4,22,156,1,-165
570284,6,509607,26681947,1,5,4,22,156,1,-165
643925,6,625756,27545947,2,4,3,1,-165,-25,-111
649553,6,625756,27718747,3,4,3,1,-165,-25,-111
643925,6,509607,27977947,5,5,4,22,156,1,-165
570284,6,616453,29446747,5,0,5,33,-41,22,156
649553,6,616453,29533147,5,0,5,33,-41,22,156
643925,6,561157,30137947,4,3,0,-25,-111,33,-41
643925,6,616453,30137947,3,0,5,33,-41,22,156
570284,6,561157,30224347,2,3,0,-25,-111,33,-41
649553,6,561157,30224347,2,3,0,-25,-111,33,-41
608827,5,630626,31536000,21699.3,,,,,,
552988,5,608827,31536000,143858,,,,,,
608827,5,567195,31536000,15088.4,,,,,,
608827,5,527449,31536000,456.71,,,,,,
608827,5,459381,31536000,2378.6,,,,,,
608827,5,595298,31536000,5362.15,,,,,,
608827,5,466907,31536000,1689.16,,,,,,
608827,5,589943,31536000,8444.03,,,,,,
608827,5,537281,31536000,2111.52,,,,,,
608827,5,580426,31536000,385.87,,,,,,
608827,5,595581,31536000,1006.36,,,,,,
608827,5,616315,31536000,6192.98,,,,,,
608827,5,642329,31536000,6393.29,,,,,,
608827,5,503701,31536000,2935.06,,,,,,
608827,5,632961,31536000,116.31,,,,,,
608827,5,473173,31536000,4951.15,,,,,,
608827,5,620120,31536000,19480.8,,,,,,
608827,5,575030,31536000,14153.4,,,,,,
608827,5,621924,31536000,12677.5,,,,,,
589639,5,630626,31536000,25079.4,,,,,,
589639,5,536346,31536000,9368.15,,,,,,
510031,5,589639,31536000,1840.81,,,,,,
589639,5,520660,31536000,12000,,,,,,
552988,5,589639,31536000,647030,,,,,,
589639,5,567195,31536000,35981.5,,,,,,
589639,5,527449,31536000,1570.79,,,,,,
589639,5,459381,31536000,1177.72,,,,,,
589639,5,595298,31536000,6259.14,,,,,,
589639,5,466907,31536000,4315.51,,,,,,
589639,5,589943,31536000,17326.8,,,,,,
589639,5,577992,31536000,59222.4,,,,,,
589639,5,595581,31536000,6812.65,,,,,,
589639,5,616315,31536000,7992.34,,,,,,
589639,5,642329,31536000,10936.9,,,,,,
589639,5,503701,31536000,11748.4,,,,,,
589639,5,571970,31536000,922.08,,,,,,
589639,5,644226,31536000,4393.27,,,,,,
589639,5,473173,31536000,657.25,,,,,,
589639,5,620120,31536000,256705,,,,,,
589639,5,575030,31536000,22255.4,,,,,,
589639,5,621924,31536000,20611.7,,,,,,
530528,5,630626,31536000,8433.51,,,,,,
530528,5,536346,31536000,42.39,,,,,,
510031,5,530528,31536000,1273.93,,,,,,
530528,5,520660,31536000,10454,,,,,,
552988,5,530528,31536000,22471.7,,,,,,
530528,5,567195,31536000,3256.84,,,,,,
530528,5,527449,31536000,626.25,,,,,,
530528,5,459381,31536000,709.74,,,,,,
530528,5,595298,31536000,323.75,,,,,,
530528,5,466907,31536000,803.27,,,,,,
530528,5,577992,31536000,5401.11,,,,,,
530528,5,523927,31536000,566.66,,,,,,
530528,5,580426,31536000,1055.24,,,,,,
530528,5,616315,31536000,1263.37,,,,,,
530528,5,642329,31536000,1860.01,,,,,,
530528,5,503701,31536000,1056.28,,,,,,
530528,5,571970,31536000,572.39,,,,,,
530528,5,644226,31536000,2654.76,,,,,,
530528,5,632961,31536000,1258.56,,,,,,
530528,5,473173,31536000,2025.14,,,,,,
530528,5,620120,31536000,3136.11,,,,,,
635706,5,630626,31536000,32074,,,,,,
510031,5,635706,31536000,23825.6,,,,,,
552988,5,635706,31536000,619963,,,,,,
635706,5,567195,31536000,19509.3,,,,,,
635706,5,527449,31536000,707.75,,,,,,
635706,5,459381,31536000,2812.2,,,,,,
635706,5,595298,31536000,1346.38,,,,,,
635706,5,466907,31536000,1827.44,,,,,,
635706,5,589943,31536000,8451.08,,,,,,
635706,5,537281,31536000,179.25,,,,,,
635706,5,580426,31536000,6537.83,,,,,,
635706,5,642329,31536000,7422.71,,,,,,
635706,5,503701,31536000,5502.61,,,,,,
635706,5,571970,31536000,419.71,,,,,,
635706,5,473173,31536000,1568.36,,,,,,
635706,5,620120,31536000,288399,,,,,,
635706,5,575030,31536000,12879,,,,,,
490041,5,630626,31536000,3877.78,,,,,,
490041,5,536346,31536000,3898,,,,,,
490041,5,520660,31536000,3164.62,,,,,,
552988,5,490041,31536000,9945.27,,,,,,
490041,5,567195,31536000,3425.74,,,,,,
490041,5,527449,31536000,190.9,,,,,,
490041,5,459381,31536000,944.51,,,,,,
490041,5,595298,31536000,2351.23,,,,,,
490041,5,589943,31536000,3472.76,,,,,,
490041,5,537281,31536000,2016.75,,,,,,
490041,5,523927,31536000,5981.19,,,,,,
490041,5,616315,31536000,541.23,,,,,,
490041,5,642329,31536000,2715.88,,,,,,
490041,5,503701,31536000,1124.28,,,,,,
490041,5,571970,31536000,755.36,,,,,,
490041,5,644226,31536000,1088.3,,,,,,
490041,5,632961,31536000,1277.89,,,,,,
490041,5,473173,31536000,546.79,,,,,,
490041,5,620120,31536000,902.7,,,,,,
490041,5,575030,31536000,989.2,,,,,,
490041,5,621924,31536000,309.48,,,,,,
554431,5,630626,31536000,8432.04,,,,,,
510031,5,554431,31536000,2533.31,,,,,,
552988,5,554431,31536000,25798.3,,,,,,
554431,5,567195,31536000,4869.66,,,,,,
554431,5,527449,31536000,477.21,,,,,,
554431,5,459381,31536000,991.31,,,,,,
554431,5,595298,31536000,1022.79,,,,,,
554431,5,466907,31536000,1592.45,,,,,,
554431,5,589943,31536000,2292.69,,,,,,
554431,5,537281,31536000,575.81,,,,,,
554431,5,523927,31536000,2100.87,,,,,,
554431,5,580426,31536000,507.66,,,,,,
554431,5,595581,31536000,864.5,,,,,,
554431,5,642329,31536000,3608.19,,,,,,
554431,5,503701,31536000,11532.2,,,,,,
554431,5,571970,31536000,109.57,,,,,,
554431,5,473173,31536000,2609.97,,,,,,
620120,5,554431,31536000,1916.13,,,,,,
554431,5,575030,31536000,8023.05,,,,,,
554431,5,621924,31536000,4588.96,,,,,,
599956,5,630626,31536000,15128.2,,,,,,
599956,5,536346,31536000,2378.96,,,,,,
510031,5,599956,31536000,4527.75,,,,,,
599956,5,520660,31536000,11521.2,,,,,,
552988,5,599956,31536000,87411.8,,,,,,
599956,5,567195,31536000,14199.5,,,,,,
599956,5,527449,31536000,1287.62,,,,,,
599956,5,459381,31536000,1200.8,,,,,,
599956,5,595298,31536000,5424.06,,,,,,
599956,5,466907,31536000,1734.92,,,,,,
599956,5,589943,31536000,4308.22,,,,,,
599956,5,577992,31536000,573.69,,,,,,
599956,5,537281,31536000,3138.12,,,,,,
599956,5,523927,31536000,2612.14,,,,,,
599956,5,642329,31536000,4236.9,,,,,,
599956,5,503701,31536000,5658.37,,,,,,
599956,5,644226,31536000,801.56,,,,,,
599956,5,473173,31536000,3394.47,,,,,,
599956,5,620120,31536000,6039.55,,,,,,
599956,5,575030,31536000,33836.2,,,,,,
599956,5,621924,31536000,4397.31,,,,,,
566342,5,630626,31536000,2836.39,,,,,,
552988,5,566342,31536000,11191.5,,,,,,
566342,5,527449,31536000,239.28,,,,,,
566342,5,459381,31536000,928.67,,,,,,
566342,5,595298,31536000,2976.7,,,,,,
566342,5,466907,31536000,1503.23,,,,,,
566342,5,589943,31536000,1392.07,,,,,,
566342,5,577992,31536000,1673.49,,,,,,
566342,5,537281,31536000,729.47,,,,,,
566342,5,523927,31536000,695.41,,,,,,
566342,5,616315,31536000,2325.96,,,,,,
566342,5,642329,31536000,3830.14,,,,,,
566342,5,571970,31536000,409.84,,,,,,
566342,5,632961,31536000,730.67,,,,,,
566342,5,473173,31536000,350.38,,,,,,
566342,5,620120,31536000,201.24,,,,,,
566342,5,575030,31536000,4154.76,,,,,,
566342,5,621924,31536000,1246.31,,,,,,
548513,5,630626,31536000,5458.02,,,,,,
548513,5,536346,31536000,3302.11,,,,,,
510031,5,548513,31536000,1688.22,,,,,,
548513,5,520660,31536000,7279.05,,,,,,
552988,5,548513,31536000,8328.29,,,,,,
548513,5,567195,31536000,3345.4,,,,,,
548513,5,527449,31536000,706.38,,,,,,
548513,5,459381,31536000,2555.54,,,,,,
548513,5,595298,31536000,6392.63,,,,,,
548513,5,589943,31536000,1499.5,,,,,,
548513,5,580426,31536000,479.26,,,,,,
548513,5,595581,31536000,4817.44,,,,,,
548513,5,571970,31536000,60.39,,,,,,
548513,5,644226,31536000,1464.26,,,,,,
548513,5,473173,31536000,1129.58,,,,,,
620120,5,548513,31536000,1057.83,,,,,,
548513,5,621924,31536000,989.89,,,,,,
599057,5,630626,31536000,11194.7,,,,,,
599057,5,536346,31536000,937.43,,,,,,
510031,5,599057,31536000,1282.76,,,,,,
599057,5,520660,31536000,1584.35,,,,,,
552988,5,599057,31536000,26766.3,,,,,,
599057,5,567195,31536000,4545.13,,,,,,
599057,5,527449,31536000,50.84,,,,,,
599057,5,459381,31536000,1671.82,,,,,,
599057,5,595298,31536000,151.14,,,,,,
599057,5,466907,31536000,607.33,,,,,,
599057,5,589943,31536000,2235.21,,,,,,
599057,5,577992,31536000,121.9,,,,,,
599057,5,523927,31536000,1013.67,,,,,,
599057,5,595581,31536000,1123.79,,,,,,
599057,5,616315,31536000,2716.78,,,,,,
599057,5,503701,31536000,7222.34,,,,,,
599057,5,644226,31536000,2032.53,,,,,,
599057,5,632961,31536000,147.47,,,,,,
599057,5,473173,31536000,5174.1,,,,,,
620120,5,599057,31536000,2317.44,,,,,,
599057,5,621924,31536000,3217.81,,,,,,
552988,5,568093,31536000,10786,,,,,,
568093,5,527449,31536000,423.63,,,,,,
568093,5,459381,31536000,1351.29,,,,,,
568093,5,595298,31536000,6929.54,,,,,,
568093,5,466907,31536000,462.8,,,,,,
568093,5,589943,31536000,2057.6,,,,,,
568093,5,577992,31536000,5152.55,,,,,,
568093,5,580426,31536000,276.35,,,,,,
568093,5,595581,31536000,3047.35,,,,,,
568093,5,616315,31536000,4470.49,,,,,,
568093,5,503701,31536000,1230.07,,,,,,
568093,5,632961,31536000,55.9,,,,,,
568093,5,473173,31536000,1626.36,,,,,,
568093,5,620120,31536000,2087.31,,,,,,
568093,5,621924,31536000,1770.99,,,,,,
510031,5,464459,31536000,453.32,,,,,,
552988,5,464459,31536000,51492.7,,,,,,
464459,5,567195,31536000,1167.72,,,,,,
464459,5,527449,31536000,534.04,,,,,,
464459,5,459381,31536000,1702.6,,,,,,
464459,5,595298,31536000,2991.42,,,,,,
464459,5,466907,31536000,1601.52,,,,,,
464459,5,577992,31536000,3184.21,,,,,,
464459,5,537281,31536000,1845.19,,,,,,
464459,5,523927,31536000,1784.67,,,,,,
464459,5,595581,31536000,4296.71,,,,,,
464459,5,616315,31536000,3261.55,,,,,,
464459,5,571970,31536000,763.63,,,,,,
464459,5,632961,31536000,699.42,,,,,,
464459,5,473173,31536000,1690.82,,,,,,
620120,5,464459,31536000,3442.81,,,,,,
464459,5,575030,31536000,6587.65,,,,,,
464459,5,621924,31536000,5937.72,,,,,,
635665,5,640784,31536000,197.19,,,,,,
510031,5,635665,31536000,1388.78,,,,,,
552988,5,635665,31536000,30019.9,,,,,,
635665,5,567195,31536000,2739.08,,,,,,
635665,5,527449,31536000,39.34,,,,,,
635665,5,459381,31536000,1448.59,,,,,,
635665,5,595298,31536000,4378.48,,,,,,
635665,5,577992,31536000,3826.62,,,,,,
635665,5,537281,31536000,377.01,,,,,,
635665,5,580426,31536000,698.17,,,,,,
635665,5,642329,31536000,1576.24,,,,,,
635665,5,503701,31536000,5382.42,,,,,,
635665,5,632961,31536000,896.83,,,,,,
635665,5,473173,31536000,4052.61,,,,,,
635665,5,620120,31536000,5472.26,,,,,,
635665,5,575030,31536000,34041.9,,,,,,
635665,5,621924,31536000,461.46,,,,,,
510031,5,474199,31536000,556.31,,,,,,
552988,5,474199,31536000,7508.97,,,,,,
474199,5,567195,31536000,195.8,,,,,,
474199,5,527449,31536000,619.57,,,,,,
474199,5,459381,31536000,199.86,,,,,,
474199,5,595298,31536000,900.45,,,,,,
474199,5,589943,31536000,1383.94,,,,,,
474199,5,577992,31536000,134.4,,,,,,
474199,5,537281,31536000,101.17,,,,,,
474199,5,580426,31536000,739.24,,,,,,
474199,5,595581,31536000,314.86,,,,,,
474199,5,642329,31536000,229.05,,,,,,
474199,5,571970,31536000,134.02,,,,,,
474199,5,473173,31536000,826.39,,,,,,
620120,5,474199,31536000,500.51,,,,,,
474199,5,575030,31536000,3106.61,,,,,,
510031,5,475130,31536000,1288.3,,,,,,
552988,5,475130,31536000,10098.5,,,,,,
475130,5,527449,31536000,296.73,,,,,,
475130,5,459381,31536000,464.59,,,,,,
475130,5,595298,31536000,760.17,,,,,,
475130,5,466907,31536000,750.34,,,,,,
475130,5,589943,31536000,2085.7,,,,,,
475130,5,577992,31536000,48.06,,,,,,
475130,5,537281,31536000,227.9,,,,,,
475130,5,523927,31536000,873.6,,,,,,
475130,5,580426,31536000,606.11,,,,,,
475130,5,595581,31536000,923.51,,,,,,
475130,5,616315,31536000,691.64,,,,,,
475130,5,642329,31536000,233.2,,,,,,
475130,5,503701,31536000,1402.55,,,,,,
475130,5,571970,31536000,32.31,,,,,,
475130,5,632961,31536000,136.86,,,,,,
475130,5,473173,31536000,1083.35,,,,,,
475130,5,620120,31536000,598.5,,,,,,
552988,5,596193,31536000,7055.78,,,,,,
596193,5,527449,31536000,25.88,,,,,,
596193,5,459381,31536000,498.56,,,,,,
596193,5,595298,31536000,3494.46,,,,,,
596193,5,466907,31536000,215.51,,,,,,
596193,5,577992,31536000,5715.91,,,,,,
596193,5,523927,31536000,80.41,,,,,,
596193,5,580426,31536000,114.24,,,,,,
596193,5,642329,31536000,762.62,,,,,,
596193,5,503701,31536000,3200.76,,,,,,
596193,5,571970,31536000,5.5,,,,,,
596193,5,632961,31536000,505.63,,,,,,
596193,5,473173,31536000,512.2,,,,,,
596193,5,620120,31536000,1413.95,,,,,,
596193,5,575030,31536000,740.74,,,,,,
596193,5,621924,31536000,5373.2,,,,,,
552988,5,576641,31536000,2326.88,,,,,,
576641,5,567195,31536000,101.93,,,,,,
576641,5,527449,31536000,57.7,,,,,,
576641,5,459381,31536000,385.35,,,,,,
576641,5,595298,31536000,1277.17,,,,,,
576641,5,466907,31536000,607,,,,,,
576641,5,589943,31536000,564.31,,,,,,
576641,5,537281,31536000,276.28,,,,,,
576641,5,523927,31536000,496.73,,,,,,
576641,5,580426,31536000,480.73,,,,,,
576641,5,595581,31536000,878.76,,,,,,
576641,5,503701,31536000,1617.76,,,,,,
576641,5,571970,31536000,62.22,,,,,,
576641,5,473173,31536000,349.8,,,,,,
576641,5,620120,31536000,532.92,,,,,,
576641,5,575030,31536000,367.71,,,,,,
550361,5,630626,31536000,2681.86,,,,,,
550361,5,536346,31536000,1078.75,,,,,,
552988,5,550361,31536000,12586.9,,,,,,
550361,5,567195,31536000,2912.89,,,,,,
550361,5,527449,31536000,114.69,,,,,,
550361,5,459381,31536000,235.5,,,,,,
550361,5,595298,31536000,1135.49,,,,,,
550361,5,589943,31536000,2474.91,,,,,,
550361,5,537281,31536000,489.54,,,,,,
550361,5,523927,31536000,94.05,,,,,,
550361,5,580426,31536000,382.99,,,,,,
550361,5,595581,31536000,820.04,,,,,,
550361,5,642329,31536000,201.32,,,,,,
550361,5,503701,31536000,1870.79,,,,,,
550361,5,571970,31536000,152.14,,,,,,
550361,5,644226,31536000,1378.84,,,,,,
550361,5,473173,31536000,333.88,,,,,,
550361,5,620120,31536000,94.43,,,,,,
550361,5,575030,31536000,3691.55,,,,,,
550361,5,621924,31536000,626,,,,,,
463777,5,630626,31536000,583.52,,,,,,
463777,5,536346,31536000,763.66,,,,,,
510031,5,463777,31536000,226.36,,,,,,
463777,5,520660,31536000,1823.5,,,,,,
552988,5,463777,31536000,7392.6,,,,,,
463777,5,567195,31536000,851.71,,,,,,
463777,5,527449,31536000,193.02,,,,,,
463777,5,459381,31536000,436.8,,,,,,
463777,5,595298,31536000,1409.48,,,,,,
463777,5,466907,31536000,208.84,,,,,,
463777,5,589943,31536000,427.55,,,,,,
463777,5,577992,31536000,4864.11,,,,,,
463777,5,537281,31536000,474.25,,,,,,
463777,5,523927,31536000,1561.97,,,,,,
463777,5,580426,31536000,316.86,,,,,,
463777,5,595581,31536000,693.07,,,,,,
463777,5,616315,31536000,1471.99,,,,,,
463777,5,503701,31536000,1690.67,,,,,,
463777,5,644226,31536000,205.66,,,,,,
463777,5,632961,31536000,73.59,,,,,,
463777,5,473173,31536000,522.83,,,,,,
620120,5,463777,31536000,168.12,,,,,,
463777,5,575030,31536000,2870.09,,,,,,
463777,5,621924,31536000,4575.82,,,,,,
654763,5,503218,31536000,566.76,,,,,,
654763,5,630626,31536000,4412.63,,,,,,
510031,5,654763,31536000,999.02,,,,,,
552988,5,654763,31536000,22959,,,,,,
654763,5,567195,31536000,1941.65,,,,,,
654763,5,527449,31536000,399.58,,,,,,
654763,5,459381,31536000,613.32,,,,,,
654763,5,595298,31536000,3795.32,,,,,,
654763,5,466907,31536000,511.93,,,,,,
654763,5,589943,31536000,2217.83,,,,,,
654763,5,537281,31536000,1069.28,,,,,,
654763,5,580426,31536000,169.61,,,,,,
654763,5,595581,31536000,1643.03,,,,,,
654763,5,642329,31536000,50.58,,,,,,
654763,5,503701,31536000,1933.55,,,,,,
654763,5,632961,31536000,431.16,,,,,,
654763,5,473173,31536000,81.33,,,,,,
654763,5,620120,31536000,319.93,,,,,,
654763,5,575030,31536000,568.9,,,,,,
654763,5,621924,31536000,1537.07,,,,,,
529922,5,630626,31536000,6042.72,,,,,,
529922,5,536346,31536000,561.9,,,,,,
529922,5,520660,31536000,1056.71,,,,,,
552988,5,529922,31536000,47106.5,,,,,,
529922,5,567195,31536000,889.15,,,,,,
529922,5,527449,31536000,233.11,,,,,,
529922,5,459381,31536000,388.16,,,,,,
529922,5,595298,31536000,2032.07,,,,,,
529922,5,466907,31536000,512.78,,,,,,
529922,5,589943,31536000,3011.76,,,,,,
529922,5,577992,31536000,920.72,,,,,,
529922,5,523927,31536000,690.54,,,,,,
529922,5,580426,31536000,481.91,,,,,,
529922,5,595581,31536000,2047.56,,,,,,
529922,5,616315,31536000,1647.79,,,,,,
529922,5,642329,31536000,220.36,,,,,,
529922,5,503701,31536000,3689.19,,,,,,
529922,5,571970,31536000,119.01,,,,,,
529922,5,644226,31536000,1072.89,,,,,,
529922,5,632961,31536000,390.31,,,,,,
529922,5,473173,31536000,1715.33,,,,,,
529922,5,620120,31536000,7263.71,,,,,,
529922,5,575030,31536000,9216.46,,,,,,
529922,5,621924,31536000,1790.27,,,,,,
599063,5,630626,31536000,2267.03,,,,,,
599063,5,536346,31536000,1307.49,,,,,,
510031,5,599063,31536000,75.86,,,,,,
599063,5,520660,31536000,2061.29,,,,,,
552988,5,599063,31536000,19798.9,,,,,,
599063,5,567195,31536000,960.36,,,,,,
599063,5,527449,31536000,54.66,,,,,,
599063,5,459381,31536000,414.66,,,,,,
599063,5,595298,31536000,2085.13,,,,,,
599063,5,606730,31536000,1092.76,,,,,,
599063,5,589943,31536000,1526.12,,,,,,
599063,5,577992,31536000,554.65,,,,,,
599063,5,523927,31536000,1346.45,,,,,,
599063,5,616315,31536000,1443.58,,,,,,
599063,5,642329,31536000,581.21,,,,,,
599063,5,503701,31536000,3459.56,,,,,,
599063,5,644226,31536000,2836.08,,,,,,
599063,5,632961,31536000,507.66,,,,,,
599063,5,473173,31536000,2708.54,,,,,,
599063,5,620120,31536000,3118.43,,,,,,
599063,5,621924,31536000,746.42,,,,,,
622296,5,630626,31536000,5301.05,,,,,,
622296,5,536346,31536000,942.41,,,,,,
622296,5,520660,31536000,3331.5,,,,,,
552988,5,622296,31536000,36123.4,,,,,,
622296,5,567195,31536000,2796.56,,,,,,
622296,5,527449,31536000,170.12,,,,,,
622296,5,459381,31536000,667.4,,,,,,
622296,5,595298,31536000,567.63,,,,,,
622296,5,466907,31536000,554.54,,,,,,
622296,5,589943,31536000,2927.57,,,,,,
622296,5,577992,31536000,750.85,,,,,,
622296,5,595581,31536000,2215.35,,,,,,
622296,5,616315,31536000,1981.13,,,,,,
622296,5,503701,31536000,2446.33,,,,,,
622296,5,571970,31536000,164.15,,,,,,
622296,5,644226,31536000,623.17,,,,,,
622296,5,632961,31536000,229.1,,,,,,
622296,5,473173,31536000,347.59,,,,,,
622296,5,620120,31536000,4579.47,,,,,,
622296,5,575030,31536000,965.86,,,,,,
622296,5,621924,31536000,19.92,,,,,,
512397,5,640784,31536000,1119.13,,,,,,
512397,5,630626,31536000,6106.78,,,,,,
512397,5,536346,31536000,881.23,,,,,,
512397,5,520660,31536000,4200.84,,,,,,
552988,5,512397,31536000,32518.9,,,,,,
512397,5,567195,31536000,4880.51,,,,,,
512397,5,527449,31536000,343.32,,,,,,
512397,5,459381,31536000,993.54,,,,,,
512397,5,595298,31536000,2840.81,,,,,,
512397,5,466907,31536000,711.5,,,,,,
512397,5,606730,31536000,1254.79,,,,,,
512397,5,577992,31536000,739.49,,,,,,
512397,5,537281,31536000,732.21,,,,,,
512397,5,523927,31536000,3252.44,,,,,,
512397,5,595581,31536000,6308.05,,,,,,
512397,5,616315,31536000,321.43,,,,,,
512397,5,642329,31536000,1180.66,,,,,,
512397,5,571970,31536000,22.79,,,,,,
512397,5,644226,31536000,1984.33,,,,,,
512397,5,632961,31536000,913.17,,,,,,
512397,5,473173,31536000,4962.24,,,,,,
512397,5,620120,31536000,4388.86,,,,,,
512397,5,575030,31536000,11068.6,,,,,,
512397,5,621924,31536000,2487.82,,,,,,
493044,5,630626,31536000,5087.5,,,,,,
493044,5,536346,31536000,1472.52,,,,,,
493044,5,520660,31536000,822.4,,,,,,
552988,5,493044,31536000,18919.4,,,,,,
493044,5,567195,31536000,1684.01,,,,,,
493044,5,527449,31536000,377.6,,,,,,
493044,5,459381,31536000,224.81,,,,,,
493044,5,595298,31536000,1684.21,,,,,,
493044,5,466907,31536000,658.91,,,,,,
493044,5,537281,31536000,1094.45,,,,,,
493044,5,523927,31536000,75.77,,,,,,
493044,5,580426,31536000,130.79,,,,,,
493044,5,595581,31536000,1412.76,,,,,,
493044,5,642329,31536000,125.63,,,,,,
493044,5,503701,31536000,2554.09,,,,,,
493044,5,644226,31536000,1702.58,,,,,,
493044,5,632961,31536000,45.08,,,,,,
493044,5,473173,31536000,1858.42,,,,,,
493044,5,620120,31536000,774.25,,,,,,
493044,5,575030,31536000,7441.46,,,,,,
493044,5,621924,31536000,1167.94,,,,,,
552988,5,592414,31536000,49976.2,,,,,,
592414,5,567195,31536000,5063.82,,,,,,
592414,5,527449,31536000,576.89,,,,,,
592414,5,459381,31536000,1265.29,,,,,,
592414,5,595298,31536000,3137.79,,,,,,
592414,5,466907,31536000,1107.68,,,,,,
592414,5,589943,31536000,5302.38,,,,,,
592414,5,577992,31536000,1441.09,,,,,,
592414,5,537281,31536000,720.36,,,,,,
592414,5,523927,31536000,4573.48,,,,,,
592414,5,580426,31536000,483.1,,,,,,
592414,5,595581,31536000,2658.66,,,,,,
592414,5,616315,31536000,3429.01,,,,,,
592414,5,642329,31536000,1882.53,,,,,,
592414,5,503701,31536000,2522.31,,,,,,
592414,5,571970,31536000,243.81,,,,,,
592414,5,473173,31536000,725.17,,,,,,
620120,5,592414,31536000,5471.99,,,,,,
510031,5,575704,31536000,596.72,,,,,,
552988,5,575704,31536000,31934.9,,,,,,
575704,5,527449,31536000,749.74,,,,,,
575704,5,459381,31536000,2391.69,,,,,,
575704,5,595298,31536000,4273.66,,,,,,
575704,5,606730,31536000,196.03,,,,,,
575704,5,589943,31536000,9784.56,,,,,,
575704,5,537281,31536000,1557.66,,,,,,
575704,5,523927,31536000,1911.13,,,,,,
575704,5,580426,31536000,693.04,,,,,,
575704,5,595581,31536000,4613.15,,,,,,
575704,5,503701,31536000,2660.68,,,,,,
575704,5,632961,31536000,849.79,,,,,,
575704,5,473173,31536000,3479.68,,,,,,
575704,5,620120,31536000,2255.94,,,,,,
510031,5,654981,31536000,304.79,,,,,,
552988,5,654981,31536000,10753.8,,,,,,
654981,5,567195,31536000,1787.56,,,,,,
654981,5,527449,31536000,558.05,,,,,,
654981,5,459381,31536000,1805.45,,,,,,
654981,5,595298,31536000,1269.47,,,,,,
654981,5,466907,31536000,655.88,,,,,,
654981,5,577992,31536000,5306.54,,,,,,
654981,5,537281,31536000,244.2,,,,,,
654981,5,523927,31536000,2434.08,,,,,,
654981,5,580426,31536000,386.83,,,,,,
654981,5,595581,31536000,986.55,,,,,,
654981,5,503701,31536000,586.73,,,,,,
654981,5,571970,31536000,499.85,,,,,,
654981,5,632961,31536000,620.87,,,,,,
654981,5,473173,31536000,732.43,,,,,,
654981,5,620120,31536000,2151.07,,,,,,
510031,5,575859,31536000,1267.83,,,,,,
552988,5,575859,31536000,3304.77,,,,,,
575859,5,567195,31536000,477.89,,,,,,
575859,5,527449,31536000,132.1,,,,,,
575859,5,459381,31536000,766.88,,,,,,
575859,5,595298,31536000,366.2,,,,,,
575859,5,589943,31536000,1168.58,,,,,,
575859,5,537281,31536000,2274.47,,,,,,
575859,5,523927,31536000,976.38,,,,,,
575859,5,580426,31536000,779.37,,,,,,
575859,5,595581,31536000,2474.64,,,,,,
575859,5,503701,31536000,183.4,,,,,,
575859,5,473173,31536000,440.95,,,,,,
575859,5,620120,31536000,1543.6,,,,,,
575859,5,575030,31536000,9070.65,,,,,,
575859,5,621924,31536000,1296.75,,,,,,
510031,5,640464,31536000,1163.1,,,,,,
552988,5,640464,31536000,6292.61,,,,,,
640464,5,567195,31536000,3406.61,,,,,,
640464,5,527449,31536000,493.08,,,,,,
640464,5,459381,31536000,2318.11,,,,,,
640464,5,595298,31536000,5720.56,,,,,,
640464,5,466907,31536000,1136.42,,,,,,
640464,5,589943,31536000,162.29,,,,,,
640464,5,577992,31536000,7905.27,,,,,,
640464,5,537281,31536000,20.21,,,,,,
640464,5,523927,31536000,899.28,,,,,,
640464,5,580426,31536000,129.52,,,,,,
640464,5,595581,31536000,1315.33,,,,,,
640464,5,616315,31536000,4161.23,,,,,,
640464,5,571970,31536000,426.58,,,,,,
640464,5,632961,31536000,422.5,,,,,,
640464,5,473173,31536000,1259,,,,,,
620120,5,640464,31536000,1089.87,,,,,,
640464,5,621924,31536000,3780.69,,,,,,
505722,5,503218,31536000,4118.47,,,,,,
505722,5,630626,31536000,34840.3,,,,,,
510031,5,505722,31536000,7190.11,,,,,,
552988,5,505722,31536000,900735,,,,,,
505722,5,567195,31536000,62750.4,,,,,,
505722,5,527449,31536000,238.75,,,,,,
505722,5,459381,31536000,1721.87,,,,,,
505722,5,595298,31536000,6060.91,,,,,,
505722,5,466907,31536000,4593.29,,,,,,
505722,5,589943,31536000,20056.8,,,,,,
505722,5,537281,31536000,1137.66,,,,,,
505722,5,580426,31536000,3425.98,,,,,,
505722,5,595581,31536000,11587.2,,,,,,
505722,5,616315,31536000,14641.3,,,,,,
505722,5,642329,31536000,11493.8,,,,,,
505722,5,503701,31536000,12163.6,,,,,,
505722,5,473173,31536000,8086.96,,,,,,
505722,5,620120,31536000,9231.82,,,,,,
505722,5,621924,31536000,9236.96,,,,,,
517273,5,630626,31536000,18476.7,,,,,,
510031,5,517273,31536000,3161.42,,,,,,
552988,5,517273,31536000,121149,,,,,,
517273,5,527449,31536000,461.18,,,,,,
517273,5,459381,31536000,1589.03,,,,,,
517273,5,595298,31536000,18128.6,,,,,,
517273,5,466907,31536000,3709.53,,,,,,
517273,5,589943,31536000,6858.84,,,,,,
517273,5,577992,31536000,8669.64,,,,,,
517273,5,523927,31536000,1775.55,,,,,,
517273,5,580426,31536000,286.56,,,,,,
517273,5,595581,31536000,8511.84,,,,,,
517273,5,616315,31536000,5037.65,,,,,,
517273,5,642329,31536000,3021.52,,,,,,
517273,5,503701,31536000,5355.92,,,,,,
517273,5,571970,31536000,436.23,,,,,,
517273,5,632961,31536000,2229.71,,,,,,
517273,5,473173,31536000,1112.61,,,,,,
517273,5,620120,31536000,20241.9,,,,,,
517273,5,575030,31536000,14630.5,,,,,,
517273,5,621924,31536000,1370.28,,,,,,
492286,5,630626,31536000,12542.5,,,,,,
552988,5,492286,31536000,69256.8,,,,,,
492286,5,567195,31536000,14538.3,,,,,,
492286,5,527449,31536000,883.83,,,,,,
492286,5,459381,31536000,1166.8,,,,,,
492286,5,595298,31536000,2904.37,,,,,,
492286,5,466907,31536000,1376.82,,,,,,
492286,5,537281,31536000,598.14,,,,,,
492286,5,523927,31536000,5422.26,,,,,,
492286,5,595581,31536000,5061.07,,,,,,
492286,5,616315,31536000,7666.8,,,,,,
492286,5,642329,31536000,905.48,,,,,,
492286,5,503701,31536000,4242.92,,,,,,
492286,5,571970,31536000,260.88,,,,,,
492286,5,632961,31536000,1609.83,,,,,,
492286,5,473173,31536000,794.47,,,,,,
492286,5,620120,31536000,15251,,,,,,
492286,5,575030,31536000,39657.7,,,,,,
492286,5,621924,31536000,72.49,,,,,,
636961,5,503218,31536000,1323.6,,,,,,
636961,5,630626,31536000,3939.83,,,,,,
552988,5,636961,31536000,5807.39,,,,,,
636961,5,567195,31536000,2846.66,,,,,,
636961,5,527449,31536000,884.99,,,,,,
636961,5,459381,31536000,2423.74,,,,,,
636961,5,595298,31536000,375.3,,,,,,
636961,5,466907,31536000,587.83,,,,,,
636961,5,589943,31536000,0.46,,,,,,
636961,5,577992,31536000,450.03,,,,,,
636961,5,537281,31536000,274.65,,,,,,
636961,5,523927,31536000,3215.16,,,,,,
636961,5,580426,31536000,76.17,,,,,,
636961,5,595581,31536000,917.55,,,,,,
636961,5,642329,31536000,5236.45,,,,,,
636961,5,503701,31536000,2976.51,,,,,,
636961,5,571970,31536000,559.3,,,,,,
636961,5,473173,31536000,410.44,,,,,,
620120,5,636961,31536000,3209.39,,,,,,
636961,5,621924,31536000,2524.68,,,,,,
570411,5,630626,31536000,15868.4,,,,,,
570411,5,536346,31536000,5580.8,,,,,,
510031,5,570411,31536000,209.3,,,,,,
570411,5,520660,31536000,5688.59,,,,,,
552988,5,570411,31536000,76722.1,,,,,,
570411,5,567195,31536000,17179,,,,,,
570411,5,527449,31536000,574.26,,,,,,
570411,5,459381,31536000,1991.54,,,,,,
570411,5,595298,31536000,2665.72,,,,,,
570411,5,466907,31536000,690.53,,,,,,
570411,5,577992,31536000,1689.51,,,,,,
570411,5,580426,31536000,1317.79,,,,,,
570411,5,595581,31536000,3426.73,,,,,,
570411,5,503701,31536000,2200.13,,,,,,
570411,5,571970,31536000,578.66,,,,,,
570411,5,644226,31536000,4046.65,,,,,,
570411,5,473173,31536000,985.43,,,,,,
570411,5,620120,31536000,12330.7,,,,,,
570411,5,575030,31536000,5599.51,,,,,,
570411,5,621924,31536000,2276.97,,,,,,
510031,5,623295,31536000,467.09,,,,,,
552988,5,623295,31536000,11546.5,,,,,,
623295,5,567195,31536000,699.55,,,,,,
623295,5,527449,31536000,182.71,,,,,,
623295,5,459381,31536000,216.96,,,,,,
623295,5,595298,31536000,785.52,,,,,,
623295,5,466907,31536000,656.77,,,,,,
623295,5,589943,31536000,1949.02,,,,,,
623295,5,577992,31536000,325.56,,,,,,
623295,5,537281,31536000,691.26,,,,,,
623295,5,523927,31536000,1906.6,,,,,,
623295,5,595581,31536000,802.67,,,,,,
623295,5,503701,31536000,1189.79,,,,,,
623295,5,473173,31536000,1553.68,,,,,,
623295,5,620120,31536000,1131.2,,,,,,
623295,5,621924,31536000,1099.51,,,,,,
492777,5,630626,31536000,2838.79,,,,,,
552988,5,492777,31536000,9732.82,,,,,,
492777,5,567195,31536000,1073.08,,,,,,
492777,5,527449,31536000,124.26,,,,,,
492777,5,459381,31536000,360.75,,,,,,
492777,5,595298,31536000,611.56,,,,,,
492777,5,466907,31536000,128.47,,,,,,
492777,5,589943,31536000,1598.66,,,,,,
492777,5,580426,31536000,185.63,,,,,,
492777,5,616315,31536000,535.22,,,,,,
492777,5,642329,31536000,815.28,,,,,,
492777,5,503701,31536000,1619.79,,,,,,
492777,5,571970,31536000,146.65,,,,,,
492777,5,632961,31536000,147.32,,,,,,
492777,5,473173,31536000,1461.98,,,,,,
620120,5,492777,31536000,947.58,,,,,,
492777,5,575030,31536000,6491.57,,,,,,
492777,5,621924,31536000,1518.45,,,,,,
629717,5,630626,31536000,4249.15,,,,,,
510031,5,629717,31536000,1091.21,,,,,,
552988,5,629717,31536000,21204.9,,,,,,
629717,5,567195,31536000,2015.43,,,,,,
629717,5,527449,31536000,73.2,,,,,,
629717,5,459381,31536000,889.2,,,,,,
629717,5,595298,31536000,2575.65,,,,,,
629717,5,466907,31536000,312.96,,,,,,
629717,5,589943,31536000,2726.24,,,,,,
629717,5,577992,31536000,1563.82,,,,,,
629717,5,523927,31536000,654.51,,,,,,
629717,5,580426,31536000,245.42,,,,,,
629717,5,616315,31536000,2484.21,,,,,,
629717,5,642329,31536000,192.93,,,,,,
629717,5,503701,31536000,1856.92,,,,,,
629717,5,632961,31536000,281.98,,,,,,
629717,5,473173,31536000,478.91,,,,,,
629717,5,620120,31536000,843.46,,,,,,
629717,5,575030,31536000,4168.46,,,,,,
629717,5,621924,31536000,296.54,,,,,,
502591,5,630626,31536000,4144.78,,,,,,
502591,5,536346,31536000,1101.4,,,,,,
510031,5,502591,31536000,525.02,,,,,,
502591,5,520660,31536000,4874.08,,,,,,
552988,5,502591,31536000,54333.1,,,,,,
502591,5,567195,31536000,536.87,,,,,,
502591,5,527449,31536000,768.82,,,,,,
502591,5,459381,31536000,382.45,,,,,,
502591,5,595298,31536000,4093.29,,,,,,
502591,5,466907,31536000,631.99,,,,,,
502591,5,577992,31536000,1369.2,,,,,,
502591,5,537281,31536000,1399.54,,,,,,
502591,5,523927,31536000,266.52,,,,,,
502591,5,595581,31536000,2099.77,,,,,,
502591,5,616315,31536000,2810.98,,,,,,
502591,5,503701,31536000,5503.51,,,,,,
502591,5,571970,31536000,218.21,,,,,,
502591,5,644226,31536000,814.8,,,,,,
502591,5,632961,31536000,488.63,,,,,,
502591,5,473173,31536000,669.18,,,,,,
502591,5,620120,31536000,9247.45,,,,,,
502591,5,621924,31536000,2572.76,,,,,,
569820,5,640784,31536000,273.24,,,,,,
569820,5,630626,31536000,8464.39,,,,,,
510031,5,569820,31536000,1702.37,,,,,,
552988,5,569820,31536000,202871,,,,,,
569820,5,567195,31536000,2942.39,,,,,,
569820,5,527449,31536000,87.4,,,,,,
569820,5,459381,31536000,629.72,,,,,,
569820,5,595298,31536000,3574.6,,,,,,
569820,5,466907,31536000,808.95,,,,,,
569820,5,606730,31536000,534.52,,,,,,
569820,5,589943,31536000,5383.92,,,,,,
569820,5,537281,31536000,647.27,,,,,,
569820,5,523927,31536000,3093.55,,,,,,
569820,5,580426,31536000,2682.75,,,,,,
569820,5,595581,31536000,2875.99,,,,,,
569820,5,642329,31536000,1345.06,,,,,,
569820,5,503701,31536000,3718.44,,,,,,
569820,5,571970,31536000,604.29,,,,,,
569820,5,632961,31536000,1512.55,,,,,,
569820,5,473173,31536000,97.31,,,,,,
569820,5,620120,31536000,73919,,,,,,
569820,5,575030,31536000,7133.86,,,,,,
569820,5,621924,31536000,6704.79,,,,,,
591682,5,640784,31536000,1502.74,,,,,,
591682,5,630626,31536000,5662.73,,,,,,
591682,5,536346,31536000,678.13,,,,,,
591682,5,520660,31536000,986.71,,,,,,
552988,5,591682,31536000,25608.4,,,,,,
591682,5,527449,31536000,218.03,,,,,,
591682,5,459381,31536000,622.49,,,,,,
591682,5,595298,31536000,3245.92,,,,,,
591682,5,466907,31536000,946.77,,,,,,
591682,5,589943,31536000,1180.7,,,,,,
591682,5,537281,31536000,712.92,,,,,,
591682,5,523927,31536000,2053.41,,,,,,
591682,5,580426,31536000,220.8,,,,,,
591682,5,595581,31536000,2019.74,,,,,,
591682,5,616315,31536000,943.81,,,,,,
591682,5,642329,31536000,599.59,,,,,,
591682,5,644226,31536000,1694.31,,,,,,
591682,5,632961,31536000,806.75,,,,,,
591682,5,473173,31536000,2644.97,,,,,,
591682,5,620120,31536000,6090.91,,,,,,
591682,5,575030,31536000,4091.49,,,,,,
591682,5,621924,31536000,137.73,,,,,,
632150,5,630626,31536000,4811.33,,,,,,
510031,5,632150,31536000,489.09,,,,,,
552988,5,632150,31536000,28528.2,,,,,,
632150,5,527449,31536000,303.25,,,,,,
632150,5,459381,31536000,790.06,,,,,,
632150,5,595298,31536000,1224.3,,,,,,
632150,5,466907,31536000,658.42,,,,,,
632150,5,589943,31536000,2231.39,,,,,,
632150,5,523927,31536000,1608.67,,,,,,
632150,5,580426,31536000,915.47,,,,,,
632150,5,595581,31536000,1996.2,,,,,,
632150,5,616315,31536000,1118.52,,,,,,
632150,5,503701,31536000,822.59,,,,,,
632150,5,473173,31536000,1302.15,,,,,,
632150,5,620120,31536000,3720.79,,,,,,
632150,5,621924,31536000,803.32,,,,,,
616050,5,630626,31536000,6218.94,,,,,,
616050,5,536346,31536000,540.85,,,,,,
510031,5,616050,31536000,637.05,,,,,,
552988,5,616050,31536000,43606.4,,,,,,
616050,5,567195,31536000,9865.87,,,,,,
616050,5,527449,31536000,142.08,,,,,,
616050,5,459381,31536000,510.26,,,,,,
616050,5,595298,31536000,3407.94,,,,,,
616050,5,466907,31536000,824.91,,,,,,
616050,5,589943,31536000,2521.46,,,,,,
616050,5,523927,31536000,1136.81,,,,,,
616050,5,595581,31536000,4913.07,,,,,,
616050,5,503701,31536000,2707.57,,,,,,
616050,5,644226,31536000,1036.27,,,,,,
616050,5,632961,31536000,360.95,,,,,,
616050,5,473173,31536000,821.76,,,,,,
616050,5,620120,31536000,8076.13,,,,,,
616050,5,575030,31536000,7832.08,,,,,,
616050,5,621924,31536000,1670.72,,,,,,
533140,5,630626,31536000,3150.22,,,,,,
510031,5,533140,31536000,235.04,,,,,,
552988,5,533140,31536000,14701.4,,,,,,
533140,5,567195,31536000,534.56,,,,,,
533140,5,527449,31536000,96.46,,,,,,
533140,5,459381,31536000,279.66,,,,,,
533140,5,595298,31536000,1314.31,,,,,,
533140,5,466907,31536000,507.01,,,,,,
533140,5,577992,31536000,530.6,,,,,,
533140,5,537281,31536000,497.08,,,,,,
533140,5,616315,31536000,239.94,,,,,,
533140,5,642329,31536000,1131.24,,,,,,
533140,5,503701,31536000,1741.49,,,,,,
533140,5,571970,31536000,85.16,,,,,,
533140,5,632961,31536000,290.73,,,,,,
533140,5,473173,31536000,1516.94,,,,,,
533140,5,620120,31536000,333.78,,,,,,
